{
  "bcos_accuracy": 0.9333333333333333,
  "standard_accuracy": 0.9,
  "bcos_metrics": {
    "average_confidence": 0.9224858105182647,
    "confidence_std": 0.12102738221889633,
    "average_sparsity": 9.2,
    "sparsity_std": 2.4684678108764824
  },
  "standard_metrics": {
    "average_confidence": 0.9567425608634949,
    "confidence_std": 0.10327486735235315,
    "average_sparsity": 0.0,
    "sparsity_std": 0.0
  },
  "class_importance": {
    "0": [
      -1.9554901123046875,
      1.1598230600357056,
      2.3324780464172363,
      2.2621943950653076,
      0.25598788261413574,
      2.2973921298980713,
      0.08420559018850327,
      -1.9956871271133423,
      2.2432143688201904,
      2.2440617084503174,
      1.493708848953247,
      -0.6310555934906006,
      -2.0727152824401855,
      2.315314769744873,
      1.4134166240692139,
      1.0298048257827759
    ],
    "1": [
      0.3693717122077942,
      -0.1726236343383789,
      -0.5096012353897095,
      -0.5050608515739441,
      0.03636781871318817,
      -0.4843984544277191,
      0.07826216518878937,
      0.3840254843235016,
      -0.46271809935569763,
      -0.46290430426597595,
      -0.26424068212509155,
      0.3007565438747406,
      0.40613555908203125,
      -0.49784716963768005,
      -0.223239928483963,
      -0.14225800335407257
    ],
    "2": [
      1.4443944692611694,
      -0.9343929290771484,
      -1.5102653503417969,
      -1.424223780632019,
      -0.418986976146698,
      -1.56593918800354,
      -0.38975057005882263,
      1.466207504272461,
      -1.5771448612213135,
      -1.5645973682403564,
      -1.1054350137710571,
      -0.1325359344482422,
      1.491721510887146,
      -1.530060052871704,
      -1.1374824047088623,
      -0.8415440320968628
    ]
  }
}